date,cash,position_value,total_equity,cum_return
2023-06-30,1000000.0,0.0,1000000.0,0.0
2023-07-03,1000000.0,0.0,1000000.0,0.0
2023-07-04,1000000.0,0.0,1000000.0,0.0
2023-07-05,1000000.0,0.0,1000000.0,0.0
2023-07-06,1000000.0,0.0,1000000.0,0.0
2023-07-07,1000000.0,0.0,1000000.0,0.0
2023-07-10,0.0,992673.270646014,992673.270646014,-0.007326729353985928
2023-07-11,0.0,1009714.756156715,1009714.756156715,0.009714756156715021
2023-07-12,0.0,978103.2180279013,978103.2180279013,-0.021896781972098767
2023-07-13,0.0,1010100.9645653456,1010100.9645653456,0.010100964565345594
2023-07-14,0.0,1029886.5303520192,1029886.5303520192,0.02988653035201927
2023-07-17,0.0,1030802.7940266021,1030802.7940266021,0.03080279402660202
2023-07-18,0.0,1015669.9823347605,1015669.9823347605,0.01566998233476058
2023-07-19,0.0,1010403.1010724461,1010403.1010724461,0.01040310107244613
2023-07-20,0.0,976060.9821354818,976060.9821354818,-0.02393901786451824
2023-07-21,0.0,970546.1119755348,970546.1119755348,-0.029453888024465136
2023-07-24,0.0,965850.5281980302,965850.5281980302,-0.03414947180196981
2023-07-25,0.0,986139.8698093898,986139.8698093898,-0.013860130190610165
2023-07-26,0.0,984896.7329537189,984896.7329537189,-0.015103267046281177
2023-07-27,0.0,984927.9007291272,984927.9007291272,-0.015072099270872719
2023-07-28,0.0,1014721.8349487053,1014721.8349487053,0.01472183494870527
2023-07-31,0.0,1023868.2554618104,1023868.2554618104,0.023868255461810373
2023-08-01,0.0,1021779.5245904846,1021779.5245904846,0.0217795245904846
2023-08-02,0.0,1009167.8500506203,1009167.8500506203,0.009167850050620263
2023-08-03,0.0,1019277.2515961444,1019277.2515961444,0.01927725159614435
2023-08-04,0.0,1020220.7683808424,1020220.7683808424,0.020220768380842413
2023-08-07,0.0,1009600.273031767,1009600.273031767,0.009600273031767026
2023-08-08,0.0,1008253.908058922,1008253.908058922,0.008253908058922121
2023-08-09,0.0,1006791.9525177316,1006791.9525177316,0.00679195251773157
2023-08-10,0.0,1009132.9000716972,1009132.9000716972,0.009132900071697092
2023-08-11,0.0,988113.0739298756,988113.0739298756,-0.011886926070124426
2023-08-14,0.0,981765.8717691306,981765.8717691306,-0.01823412823086945
2023-08-15,0.0,993864.8350759966,993864.8350759966,-0.006135164924003456
2023-08-16,0.0,993183.6744949028,993183.6744949028,-0.006816325505097143
2023-08-17,0.0,990373.312604059,990373.312604059,-0.00962668739594097
2023-08-18,0.0,987680.5826583693,987680.5826583693,-0.012319417341630667
2023-08-21,0.0,973437.4968394146,973437.4968394146,-0.026562503160585393
2023-08-22,0.0,982142.7314648854,982142.7314648854,-0.0178572685351146
2023-08-23,0.0,977253.6059016126,977253.6059016126,-0.022746394098387412
2023-08-24,0.0,969631.7319791042,969631.7319791042,-0.03036826802089576
2023-08-25,0.0,975014.0227261542,975014.0227261542,-0.024985977273845772
2023-08-28,0.0,991006.9282282406,991006.9282282406,-0.008993071771759453
2023-08-29,0.0,983235.6429746966,983235.6429746966,-0.016764357025303434
2023-08-30,0.0,972226.6465950236,972226.6465950236,-0.027773353404976442
2023-08-31,0.0,967406.6207882955,967406.6207882955,-0.032593379211704465
2023-09-01,0.0,978058.4047210132,978058.4047210132,-0.02194159527898687
2023-09-04,0.0,988293.773007052,988293.773007052,-0.011706226992947988
2023-09-05,0.0,983531.0342573246,983531.0342573246,-0.016468965742675312
2023-09-06,0.0,983104.3013557744,983104.3013557744,-0.016895698644225576
2023-09-07,0.0,976718.4173595144,976718.4173595144,-0.023281582640485632
2023-09-08,0.0,971167.2337235691,971167.2337235691,-0.028832766276430943
2023-09-11,0.0,980452.5128738057,980452.5128738057,-0.019547487126194252
2023-09-12,0.0,978913.2521820463,978913.2521820463,-0.02108674781795372
2023-09-13,0.0,977784.5914805222,977784.5914805222,-0.022215408519477786
2023-09-14,0.0,987467.7972352626,987467.7972352626,-0.012532202764737432
2023-09-15,0.0,984346.9691748534,984346.9691748534,-0.015653030825146574
2023-09-18,0.0,983829.1928311198,983829.1928311198,-0.016170807168880197
2023-09-19,0.0,985472.6703428692,985472.6703428692,-0.014527329657130772
2023-09-20,0.0,990219.6930397099,990219.6930397099,-0.009780306960290086
2023-09-21,0.0,985631.3926765966,985631.3926765966,-0.014368607323403393
2023-09-22,0.0,988180.4329398707,988180.4329398707,-0.01181956706012921
2023-09-25,0.0,987879.3491743819,987879.3491743819,-0.012120650825618084
2023-09-26,0.0,982527.3044892659,982527.3044892659,-0.01747269551073416
2023-09-27,0.0,976868.4671240655,976868.4671240655,-0.023131532875934502
2023-09-28,0.0,973895.0996997254,973895.0996997254,-0.02610490030027457
2023-10-09,5.820766091346741e-11,969336.6595521197,969336.6595521197,-0.030663340447880327
2023-10-10,5.820766091346741e-11,957836.2418617471,957836.2418617471,-0.042163758138252905
2023-10-11,5.820766091346741e-11,952700.1244215228,952700.124421523,-0.047299875578477035
2023-10-12,5.820766091346741e-11,969313.5022342696,969313.5022342696,-0.030686497765730403
2023-10-13,5.820766091346741e-11,966938.3834280226,966938.3834280227,-0.03306161657197726
2023-10-16,5.820766091346741e-11,968439.5871129597,968439.5871129597,-0.03156041288704026
2023-10-17,5.820766091346741e-11,974124.2628121076,974124.2628121076,-0.025875737187892378
2023-10-18,5.820766091346741e-11,966357.4095000953,966357.4095000953,-0.0336425904999047
2023-10-19,5.820766091346741e-11,941774.7008270562,941774.7008270563,-0.05822529917294372
2023-10-20,5.820766091346741e-11,936536.9220879222,936536.9220879222,-0.06346307791207773
2023-10-23,0.0,927628.3277614949,927628.3277614949,-0.07237167223850505
2023-10-24,0.0,928560.2014801031,928560.2014801031,-0.0714397985198969
2023-10-25,0.0,932919.4335102921,932919.4335102921,-0.06708056648970795
2023-10-26,0.0,942452.0131776562,942452.0131776562,-0.057547986822343744
2023-10-27,0.0,944829.6869733148,944829.6869733148,-0.05517031302668518
2023-10-30,0.0,930788.3473195649,930788.3473195649,-0.06921165268043505
2023-10-31,0.0,930539.3911711486,930539.3911711486,-0.06946060882885141
2023-11-01,0.0,931112.5313176778,931112.5313176778,-0.0688874686823222
2023-11-02,0.0,935064.8346836963,935064.8346836963,-0.06493516531630372
2023-11-03,0.0,931910.4272701007,931910.4272701007,-0.06808957272989935
2023-11-06,0.0,952476.5913919321,952476.5913919321,-0.04752340860806792
2023-11-07,0.0,950737.2689515923,950737.2689515923,-0.049262731048407726
2023-11-08,0.0,952799.7007074828,952799.7007074828,-0.047200299292517234
2023-11-09,0.0,943017.6827710979,943017.6827710979,-0.056982317228902124
2023-11-10,0.0,937835.2519538143,937835.2519538143,-0.06216474804618566
2023-11-13,0.0,931231.6378287385,931231.6378287385,-0.06876836217126148
2023-11-14,0.0,929678.1022381292,929678.1022381292,-0.07032189776187081
2023-11-15,0.0,941302.5925227132,941302.5925227132,-0.0586974074772868
2023-11-16,0.0,922195.877861295,922195.877861295,-0.07780412213870502
2023-11-17,0.0,927793.0039675892,927793.0039675892,-0.07220699603241076
2023-11-20,5.820766091346741e-11,918754.4992054456,918754.4992054456,-0.08124550079455439
2023-11-21,5.820766091346741e-11,914742.7463231192,914742.7463231192,-0.08525725367688086
2023-11-22,5.820766091346741e-11,907361.4310284648,907361.4310284648,-0.09263856897153522
2023-11-23,5.820766091346741e-11,916180.3431486977,916180.3431486979,-0.0838196568513021
2023-11-24,5.820766091346741e-11,918187.4721963042,918187.4721963042,-0.08181252780369574
2023-11-27,5.820766091346741e-11,924100.5834388693,924100.5834388693,-0.07589941656113064
2023-11-28,5.820766091346741e-11,925779.0068444853,925779.0068444854,-0.07422099315551456
2023-11-29,5.820766091346741e-11,929052.2386247981,929052.2386247981,-0.07094776137520187
2023-11-30,5.820766091346741e-11,926968.8394166635,926968.8394166636,-0.07303116058333636
2023-12-01,5.820766091346741e-11,929252.6313410954,929252.6313410955,-0.07074736865890441
2023-12-04,0.0,924845.1141099393,924845.1141099393,-0.0751548858900607
2023-12-05,0.0,907116.3212366176,907116.3212366176,-0.09288367876338233
2023-12-06,0.0,911337.5565923062,911337.5565923062,-0.0886624434076938
2023-12-07,0.0,902759.1368530653,902759.1368530653,-0.0972408631469347
2023-12-08,0.0,904156.2268078492,904156.2268078492,-0.09584377319215076
2023-12-11,0.0,918933.3477459046,918933.3477459046,-0.08106665225409537
2023-12-12,0.0,919461.8753552752,919461.8753552752,-0.08053812464472476
2023-12-13,0.0,912235.1880535968,912235.1880535968,-0.08776481194640329
2023-12-14,0.0,913905.9069868943,913905.9069868943,-0.08609409301310567
2023-12-15,0.0,903531.1580547129,903531.1580547129,-0.09646884194528704
2023-12-18,0.0,900939.5558482775,900939.5558482775,-0.09906044415172244
2023-12-19,0.0,896399.0443352897,896399.0443352897,-0.10360095566471028
2023-12-20,0.0,894387.2637830297,894387.2637830297,-0.1056127362169702
2023-12-21,0.0,897619.6353792037,897619.6353792037,-0.10238036462079625
2023-12-22,0.0,897221.5179425642,897221.5179425642,-0.10277848205743578
2023-12-25,0.0,901780.194187483,901780.194187483,-0.09821980581251699
2023-12-26,0.0,892553.6975844811,892553.6975844811,-0.10744630241551889
2023-12-27,0.0,900106.9915111369,900106.9915111369,-0.09989300848886318
2023-12-28,0.0,899770.498113824,899770.498113824,-0.10022950188617596
2023-12-29,0.0,906957.4510020146,906957.4510020146,-0.09304254899798547
2024-01-02,5.820766091346741e-11,910968.5607312751,910968.5607312752,-0.08903143926872481
2024-01-03,5.820766091346741e-11,899241.1078385317,899241.1078385317,-0.10075889216146827
2024-01-04,5.820766091346741e-11,895248.5326239296,895248.5326239297,-0.10475146737607033
2024-01-05,5.820766091346741e-11,887925.7703124662,887925.7703124662,-0.11207422968753378
2024-01-08,5.820766091346741e-11,871971.3912533255,871971.3912533256,-0.12802860874667443
2024-01-09,5.820766091346741e-11,878332.349113756,878332.3491137561,-0.12166765088624387
2024-01-10,5.820766091346741e-11,865716.1124657707,865716.1124657707,-0.13428388753422926
2024-01-11,5.820766091346741e-11,869169.0807976846,869169.0807976846,-0.13083091920231538
2024-01-12,5.820766091346741e-11,861615.965129366,861615.9651293661,-0.1383840348706339
2024-01-15,0.0,861110.076643378,861110.076643378,-0.13888992335662198
2024-01-16,0.0,862640.7593171255,862640.7593171255,-0.13735924068287442
2024-01-17,0.0,851184.246848508,851184.246848508,-0.14881575315149198
2024-01-18,0.0,845676.1186706248,845676.1186706248,-0.15432388132937525
2024-01-19,0.0,837381.3750462991,837381.3750462991,-0.16261862495370094
2024-01-22,0.0,809399.7985522476,809399.7985522476,-0.19060020144775247
2024-01-23,0.0,818208.5960033842,818208.5960033842,-0.18179140399661575
2024-01-24,0.0,837968.5074188302,837968.5074188302,-0.16203149258116978
2024-01-25,0.0,865209.2571249693,865209.2571249693,-0.13479074287503068
2024-01-26,0.0,875484.686692823,875484.686692823,-0.12451531330717702
2024-01-29,0.0,875478.0891635742,875478.0891635742,-0.12452191083642583
2024-01-30,0.0,868185.4008223541,868185.4008223541,-0.13181459917764582
2024-01-31,0.0,866398.1832440601,866398.1832440601,-0.13360181675593985
2024-02-01,0.0,855740.3043881233,855740.3043881233,-0.14425969561187668
2024-02-02,0.0,855573.1855073518,855573.1855073518,-0.14442681449264827
2024-02-05,0.0,861460.4360225872,861460.4360225872,-0.13853956397741274
2024-02-06,0.0,871901.998038777,871901.998038777,-0.128098001961223
2024-02-07,0.0,885726.1712802801,885726.1712802801,-0.11427382871971992
2024-02-08,0.0,886545.5210019676,886545.5210019676,-0.1134544789980324
2024-02-19,5.820766091346741e-11,908759.0574404913,908759.0574404914,-0.09124094255950865
2024-02-20,5.820766091346741e-11,916803.0182613874,916803.0182613875,-0.08319698173861256
2024-02-21,5.820766091346741e-11,918610.8751167533,918610.8751167534,-0.08138912488324657
2024-02-22,5.820766091346741e-11,939839.9179181642,939839.9179181643,-0.060160082081835764
2024-02-23,5.820766091346741e-11,933334.0981438681,933334.0981438681,-0.06666590185613186
2024-02-26,5.820766091346741e-11,912529.9488196082,912529.9488196082,-0.08747005118039175
2024-02-27,5.820766091346741e-11,916092.6178051557,916092.6178051557,-0.08390738219484428
2024-02-28,5.820766091346741e-11,912815.7034685084,912815.7034685086,-0.0871842965314914
2024-02-29,5.820766091346741e-11,918546.3510196462,918546.3510196463,-0.08145364898035368
2024-03-01,5.820766091346741e-11,924680.5697117951,924680.5697117951,-0.07531943028820487
2024-03-04,0.0,933472.5888655835,933472.5888655835,-0.06652741113441651
2024-03-05,0.0,942175.6302592416,942175.6302592416,-0.05782436974075844
2024-03-06,0.0,942023.3396569035,942023.3396569035,-0.05797666034309645
2024-03-07,0.0,949094.2497365185,949094.2497365185,-0.05090575026348154
2024-03-08,0.0,947141.2865523278,947141.2865523278,-0.052858713447672234
2024-03-11,0.0,932808.4995946928,932808.4995946928,-0.06719150040530719
2024-03-12,0.0,909156.7592477615,909156.7592477615,-0.0908432407522386
2024-03-13,0.0,904969.78594332,904969.78594332,-0.09503021405668
2024-03-14,0.0,907247.0043698839,907247.0043698839,-0.09275299563011608
2024-03-15,0.0,906081.8556741829,906081.8556741829,-0.09391814432581713
2024-03-18,0.0,899373.1153342226,899373.1153342226,-0.1006268846657774
2024-03-19,0.0,894031.7118024571,894031.7118024571,-0.10596828819754289
2024-03-20,0.0,893741.6396366621,893741.6396366621,-0.10625836036333791
2024-03-21,0.0,896962.1745104895,896962.1745104895,-0.10303782548951057
2024-03-22,0.0,891677.4501594946,891677.4501594946,-0.10832254984050538
2024-03-25,0.0,892819.9199198426,892819.9199198426,-0.10718008008015734
2024-03-26,0.0,894030.0371310423,894030.0371310423,-0.10596996286895766
2024-03-27,0.0,892674.8782310156,892674.8782310156,-0.10732512176898434
2024-03-28,0.0,891191.4494328465,891191.4494328465,-0.10880855056715344
2024-03-29,0.0,900317.3767267534,900317.3767267534,-0.09968262327324662
2024-04-01,5.820766091346741e-11,904571.0807359209,904571.0807359209,-0.09542891926407904
2024-04-02,5.820766091346741e-11,908522.8163937854,908522.8163937854,-0.0914771836062146
2024-04-03,5.820766091346741e-11,909860.2195273598,909860.2195273598,-0.09013978047264015
2024-04-08,5.820766091346741e-11,920752.9607263606,920752.9607263606,-0.07924703927363941
2024-04-09,5.820766091346741e-11,914396.608968723,914396.6089687231,-0.0856033910312769
2024-04-10,5.820766091346741e-11,916410.0874154025,916410.0874154025,-0.08358991258459747
2024-04-11,5.820766091346741e-11,923511.8304537889,923511.8304537889,-0.07648816954621118
2024-04-12,5.820766091346741e-11,917471.8795086232,917471.8795086232,-0.08252812049137681
2024-04-15,5.820766091346741e-11,918928.3234406844,918928.3234406845,-0.08107167655931558
2024-04-16,5.820766091346741e-11,896953.523013642,896953.523013642,-0.10304647698635794
2024-04-17,5.820766091346741e-11,910439.8166695901,910439.8166695901,-0.08956018333040994
2024-04-18,5.820766091346741e-11,917154.4878490748,917154.4878490749,-0.08284551215092517
2024-04-19,5.820766091346741e-11,916100.5350211061,916100.5350211062,-0.08389946497889378
2024-04-22,5.820766091346741e-11,907874.6969853739,907874.696985374,-0.09212530301462607
2024-04-23,5.820766091346741e-11,879762.1966723489,879762.196672349,-0.120237803327651
2024-04-24,5.820766091346741e-11,894268.2276772846,894268.2276772847,-0.10573177232271525
2024-04-25,5.820766091346741e-11,896768.6522803596,896768.6522803598,-0.10323134771964027
2024-04-26,5.820766091346741e-11,909113.832180528,909113.832180528,-0.09088616781947201
2024-04-29,0.0,905883.2268424454,905883.2268424454,-0.09411677315755451
2024-04-30,0.0,914205.1975941502,914205.1975941502,-0.0857948024058498
2024-05-06,0.0,917574.5381258423,917574.5381258423,-0.08242546187415767
2024-05-07,0.0,912464.3235622025,912464.3235622025,-0.08753567643779747
2024-05-08,0.0,909182.121250837,909182.121250837,-0.09081787874916303
2024-05-09,0.0,913846.610442383,913846.610442383,-0.08615338955761698
2024-05-10,0.0,923723.9021137669,923723.9021137669,-0.07627609788623313
2024-05-13,0.0,927886.9630369811,927886.9630369811,-0.07211303696301896
2024-05-14,0.0,931074.2043159902,931074.2043159902,-0.0689257956840098
2024-05-15,0.0,927770.1874792826,927770.1874792826,-0.07222981252071736
2024-05-16,0.0,928237.253975525,928237.253975525,-0.07176274602447497
2024-05-17,0.0,938241.5481939353,938241.5481939353,-0.06175845180606465
2024-05-20,0.0,947323.7970193542,947323.7970193542,-0.05267620298064579
2024-05-21,0.0,945716.2524477281,945716.2524477281,-0.054283747552271944
2024-05-22,0.0,944892.5124300468,944892.5124300468,-0.055107487569953206
2024-05-23,0.0,927058.7301970873,927058.7301970873,-0.07294126980291271
2024-05-24,0.0,928624.7347256151,928624.7347256151,-0.07137526527438487
2024-05-27,0.0,935848.720735704,935848.720735704,-0.06415127926429609
2024-05-28,0.0,936265.9951607796,936265.9951607796,-0.06373400483922043
2024-05-29,0.0,938305.312677904,938305.312677904,-0.06169468732209593
2024-05-30,0.0,926453.5202245658,926453.5202245658,-0.07354647977543427
2024-05-31,0.0,927141.7799300951,927141.7799300951,-0.07285822006990494
2024-06-03,0.0,915830.410601395,915830.410601395,-0.08416958939860508
2024-06-04,0.0,923242.5335863656,923242.5335863656,-0.07675746641363435
2024-06-05,0.0,907482.7283163242,907482.7283163242,-0.09251727168367585
2024-06-06,0.0,909872.5378810129,909872.5378810129,-0.09012746211898714
2024-06-07,0.0,914974.3580684055,914974.3580684055,-0.08502564193159445
2024-06-11,0.0,896043.086015948,896043.086015948,-0.10395691398405205
2024-06-12,0.0,899055.1683500926,899055.1683500926,-0.10094483164990742
2024-06-13,0.0,896578.3195667121,896578.3195667121,-0.10342168043328792
2024-06-14,0.0,894552.7072392033,894552.7072392033,-0.10544729276079667
2024-06-17,0.0,884076.443106299,884076.443106299,-0.11592355689370093
2024-06-18,0.0,885974.2470360398,885974.2470360398,-0.11402575296396023
2024-06-19,0.0,887865.5133871139,887865.5133871139,-0.11213448661288605
2024-06-20,0.0,887131.7608729386,887131.7608729386,-0.11286823912706145
2024-06-21,0.0,888532.350501867,888532.350501867,-0.11146764949813304
2024-06-24,0.0,884275.9817302605,884275.9817302605,-0.11572401826973944
2024-06-25,0.0,888552.5841997787,888552.5841997787,-0.11144741580022122
2024-06-26,0.0,889657.5865455908,889657.5865455908,-0.1103424134544092
2024-06-27,0.0,893906.6989334085,893906.6989334085,-0.10609330106659154
2024-06-28,0.0,901513.5808209815,901513.5808209815,-0.09848641917901846
2024-07-01,0.0,912383.1876176842,912383.1876176842,-0.08761681238231578
2024-07-02,0.0,918676.2947821281,918676.2947821281,-0.08132370521787191
2024-07-03,0.0,911942.3270814293,911942.3270814293,-0.0880576729185707
2024-07-04,0.0,912536.7253367226,912536.7253367226,-0.08746327466327741
2024-07-05,0.0,901971.9027831935,901971.9027831935,-0.0980280972168065
2024-07-08,0.0,905704.0603195259,905704.0603195259,-0.09429593968047412
2024-07-09,0.0,913904.9780252104,913904.9780252104,-0.08609502197478958
2024-07-10,0.0,914696.3803718608,914696.3803718608,-0.08530361962813915
2024-07-11,0.0,914665.4533141789,914665.4533141789,-0.08533454668582119
2024-07-12,0.0,927594.3180299576,927594.3180299576,-0.07240568197004238
2024-07-15,0.0,936405.4604225408,936405.4604225408,-0.0635945395774592
2024-07-16,0.0,935167.4671031621,935167.4671031621,-0.06483253289683788
2024-07-17,0.0,939146.8603742749,939146.8603742749,-0.06085313962572514
2024-07-18,0.0,940835.6054998632,940835.6054998632,-0.059164394500136885
2024-07-19,0.0,941545.4714646568,941545.4714646568,-0.058454528535343275
2024-07-22,0.0,929150.4501542493,929150.4501542493,-0.07084954984575065
2024-07-23,0.0,930945.9969714748,930945.9969714748,-0.06905400302852516
2024-07-24,0.0,930905.2689369883,930905.2689369883,-0.06909473106301167
2024-07-25,0.0,922402.5274108555,922402.5274108555,-0.07759747258914451
2024-07-26,0.0,913200.2878132606,913200.2878132606,-0.08679971218673943
2024-07-29,0.0,921081.9027034255,921081.9027034255,-0.07891809729657451
2024-07-30,0.0,916392.199241625,916392.199241625,-0.08360780075837493
2024-07-31,0.0,916978.3140083704,916978.3140083704,-0.08302168599162962
2024-08-01,0.0,916779.6873412376,916779.6873412376,-0.0832203126587624
2024-08-02,0.0,912461.9905791328,912461.9905791328,-0.0875380094208672
2024-08-05,0.0,904446.0557926706,904446.0557926706,-0.09555394420732943
2024-08-06,0.0,894810.8258523779,894810.8258523779,-0.10518917414762208
2024-08-07,0.0,895850.4303770087,895850.4303770087,-0.10414956962299127
2024-08-08,0.0,897959.1517440479,897959.1517440479,-0.10204084825595217
2024-08-09,0.0,902202.0233061138,902202.0233061138,-0.09779797669388623
2024-08-12,0.0,899854.5141738025,899854.5141738025,-0.10014548582619753
2024-08-13,0.0,903829.0856528187,903829.0856528187,-0.09617091434718128
2024-08-14,0.0,903564.8690595594,903564.8690595594,-0.09643513094044054
2024-08-15,0.0,915437.725840633,915437.725840633,-0.08456227415936701
2024-08-16,0.0,926300.4904148538,926300.4904148538,-0.07369950958514626
2024-08-19,0.0,942206.8141016132,942206.8141016132,-0.05779318589838678
2024-08-20,0.0,945439.5580098635,945439.5580098635,-0.05456044199013654
2024-08-21,0.0,938789.5716125114,938789.5716125114,-0.06121042838748858
2024-08-22,0.0,947543.6002488958,947543.6002488958,-0.052456399751104166
2024-08-23,0.0,952855.668596685,952855.668596685,-0.047144331403314976
2024-08-26,0.0,952587.0925833746,952587.0925833746,-0.047412907416625405
2024-08-27,0.0,956566.2048985906,956566.2048985906,-0.043433795101409434
2024-08-28,0.0,949090.7346788036,949090.7346788036,-0.05090926532119644
2024-08-29,0.0,919202.1899002036,919202.1899002036,-0.08079781009979636
2024-08-30,0.0,900092.6005815511,900092.6005815511,-0.09990739941844895
2024-09-02,0.0,895176.2582223263,895176.2582223263,-0.10482374177767373
2024-09-03,0.0,882416.5993157171,882416.5993157171,-0.11758340068428286
2024-09-04,0.0,878678.6161144704,878678.6161144704,-0.1213213838855296
2024-09-05,0.0,879050.3544923923,879050.3544923923,-0.12094964550760767
2024-09-06,0.0,880475.4679236924,880475.4679236924,-0.11952453207630753
2024-09-09,0.0,864778.5263741381,864778.5263741381,-0.1352214736258619
2024-09-10,0.0,870760.6727909346,870760.6727909346,-0.1292393272090654
2024-09-11,0.0,854057.7242058631,854057.7242058631,-0.14594227579413688
2024-09-12,0.0,858538.3709769794,858538.3709769794,-0.14146162902302062
2024-09-13,0.0,857176.6296147904,857176.6296147904,-0.14282337038520954
2024-09-18,5.820766091346741e-11,865428.7212535045,865428.7212535045,-0.13457127874649544
2024-09-19,5.820766091346741e-11,867141.4115646164,867141.4115646165,-0.13285858843538356
2024-09-20,5.820766091346741e-11,873123.108403837,873123.1084038371,-0.1268768915961629
2024-09-23,5.820766091346741e-11,885028.10150671,885028.10150671,-0.11497189849328993
2024-09-24,5.820766091346741e-11,924731.6935233972,924731.6935233972,-0.07526830647660276
2024-09-25,5.820766091346741e-11,941313.4845582145,941313.4845582147,-0.05868651544178538
2024-09-26,5.820766091346741e-11,978953.3549900057,978953.3549900057,-0.021046645009994314
2024-09-27,5.820766091346741e-11,985278.1323705765,985278.1323705765,-0.014721867629423513
2024-09-30,5.820766091346741e-11,1020603.5127951524,1020603.5127951524,0.020603512795152268
2024-10-08,5.820766091346741e-11,1124465.3642523482,1124465.3642523482,0.12446536425234811
2024-10-09,5.820766091346741e-11,1032100.222410794,1032100.2224107941,0.03210022241079402
2024-10-10,5.820766091346741e-11,990688.2465909963,990688.2465909964,-0.009311753409003587
2024-10-11,5.820766091346741e-11,993090.0017975421,993090.0017975422,-0.0069099982024577455
2024-10-14,0.0,1017898.5557136933,1017898.5557136933,0.017898555713693254
2024-10-15,0.0,987603.120868113,987603.120868113,-0.012396879131887029
2024-10-16,0.0,994547.2010887093,994547.2010887093,-0.0054527989112906905
2024-10-17,0.0,995488.1841324745,995488.1841324745,-0.0045118158675254705
2024-10-18,0.0,1064242.9718635273,1064242.9718635273,0.06424297186352734
2024-10-21,0.0,1058463.7244372463,1058463.7244372463,0.058463724437246345
2024-10-22,0.0,1047564.6223881848,1047564.6223881848,0.04756462238818471
2024-10-23,0.0,1041457.6535871283,1041457.6535871283,0.041457653587128274
2024-10-24,0.0,1033413.1665806138,1033413.1665806138,0.033413166580613884
2024-10-25,0.0,1039591.7940016973,1039591.7940016973,0.03959179400169743
2024-10-28,0.0,1047085.8081723992,1047085.8081723992,0.04708580817239927
2024-10-29,0.0,1038334.78574053,1038334.78574053,0.038334785740530064
2024-10-30,0.0,1040549.2619776224,1040549.2619776224,0.04054926197762243
2024-10-31,0.0,1067893.015690181,1067893.015690181,0.06789301569018091
2024-11-01,0.0,1034549.3360921824,1034549.3360921824,0.03454933609218247
2024-11-04,0.0,1073186.7148725544,1073186.7148725544,0.07318671487255446
2024-11-05,0.0,1147241.1129761194,1147241.1129761194,0.1472411129761193
2024-11-06,0.0,1136251.809099211,1136251.809099211,0.13625180909921086
2024-11-07,0.0,1229713.1671427134,1229713.1671427134,0.2297131671427135
2024-11-08,0.0,1194308.9289439132,1194308.9289439132,0.19430892894391327
2024-11-11,0.0,1209444.882637298,1209444.882637298,0.20944488263729788
2024-11-12,0.0,1189805.8967918276,1189805.8967918276,0.1898058967918277
2024-11-13,0.0,1187557.594896937,1187557.594896937,0.18755759489693702
2024-11-14,0.0,1161286.0190003153,1161286.0190003153,0.16128601900031536
2024-11-15,0.0,1110604.3626450216,1110604.3626450216,0.11060436264502171
2024-11-18,0.0,1082448.5670181364,1082448.5670181364,0.0824485670181363
2024-11-19,0.0,1114125.3405459968,1114125.3405459968,0.11412534054599677
2024-11-20,0.0,1117316.1478237647,1117316.1478237647,0.11731614782376476
2024-11-21,0.0,1130970.0613971215,1130970.0613971215,0.13097006139712142
2024-11-22,0.0,1079316.6182350274,1079316.6182350274,0.07931661823502734
2024-11-25,5.820766091346741e-11,1069472.764866227,1069472.764866227,0.069472764866227
2024-11-26,5.820766091346741e-11,1048597.7652284298,1048597.7652284298,0.048597765228429735
2024-11-27,5.820766091346741e-11,1089353.4341342996,1089353.4341342996,0.08935343413429964
2024-11-28,5.820766091346741e-11,1078900.6151662387,1078900.6151662387,0.07890061516623881
2024-11-29,5.820766091346741e-11,1126362.9017390646,1126362.9017390646,0.12636290173906461
2024-12-02,5.820766091346741e-11,1135055.8902323938,1135055.8902323938,0.13505589023239373
2024-12-03,5.820766091346741e-11,1125116.6568544013,1125116.6568544013,0.12511665685440132
2024-12-04,5.820766091346741e-11,1109910.9963920927,1109910.9963920927,0.10991099639209256
2024-12-05,5.820766091346741e-11,1136388.452319266,1136388.452319266,0.136388452319266
2024-12-06,5.820766091346741e-11,1138327.9709099166,1138327.9709099166,0.13832797090991655
2024-12-09,0.0,1122652.7474339595,1122652.7474339595,0.1226527474339596
2024-12-10,0.0,1136783.4449403123,1136783.4449403123,0.13678344494031225
2024-12-11,0.0,1130496.3484384213,1130496.3484384213,0.13049634843842117
2024-12-12,0.0,1150259.326137064,1150259.326137064,0.15025932613706394
2024-12-13,0.0,1112815.0291207226,1112815.0291207226,0.11281502912072261
2024-12-16,0.0,1093233.360055961,1093233.360055961,0.09323336005596095
2024-12-17,0.0,1088216.7955043458,1088216.7955043458,0.0882167955043458
2024-12-18,0.0,1089878.0564799695,1089878.0564799695,0.08987805647996949
2024-12-19,0.0,1089687.4081117727,1089687.4081117727,0.08968740811177267
2024-12-20,0.0,1096962.177256416,1096962.177256416,0.09696217725641598
2024-12-23,0.0,1071237.309205524,1071237.309205524,0.07123730920552385
2024-12-24,0.0,1083092.1274115157,1083092.1274115157,0.08309212741151573
2024-12-25,0.0,1076425.6980428975,1076425.6980428975,0.07642569804289745
2024-12-26,0.0,1090483.2405131136,1090483.2405131136,0.09048324051311352
2024-12-27,0.0,1088209.314102567,1088209.314102567,0.08820931410256705
2024-12-30,0.0,1093356.3799254857,1093356.3799254857,0.09335637992548573
2024-12-31,0.0,1041862.7720815561,1041862.7720815561,0.04186277208155609
2025-01-02,0.0,994569.4777589032,994569.4777589032,-0.005430522241096858
2025-01-03,0.0,963656.929691005,963656.929691005,-0.036343070308994974
2025-01-06,0.0,964797.1095812891,964797.1095812891,-0.03520289041871083
2025-01-07,0.0,970931.8457216525,970931.8457216525,-0.029068154278347524
2025-01-08,0.0,977735.0924906345,977735.0924906345,-0.022264907509365495
2025-01-09,0.0,972436.6107454884,972436.6107454884,-0.027563389254511517
2025-01-10,0.0,966863.8703654134,966863.8703654134,-0.033136129634586675
2025-01-13,0.0,953633.8330169681,953633.8330169681,-0.046366166983031865
2025-01-14,0.0,967505.9505623804,967505.9505623804,-0.03249404943761958
2025-01-15,0.0,975296.192830732,975296.192830732,-0.02470380716926801
2025-01-16,0.0,984608.9959270903,984608.9959270903,-0.01539100407290972
2025-01-17,0.0,979483.3684040075,979483.3684040075,-0.020516631595992485
2025-01-20,0.0,975836.0347242145,975836.0347242145,-0.02416396527578557
2025-01-21,0.0,975069.6095775173,975069.6095775173,-0.024930390422482795
2025-01-22,0.0,956984.422125341,956984.422125341,-0.04301557787465893
2025-01-23,0.0,981457.6345267236,981457.6345267236,-0.018542365473276368
2025-01-24,0.0,984414.6393106483,984414.6393106483,-0.01558536068935168
2025-01-27,0.0,996878.2269603154,996878.2269603154,-0.003121773039684639
2025-02-05,0.0,981722.4048973713,981722.4048973713,-0.01827759510262872
2025-02-06,0.0,981722.4048973713,981722.4048973713,-0.01827759510262872
2025-02-07,0.0,978814.4393751275,978814.4393751275,-0.021185560624872424
2025-02-10,0.0,980022.9050850364,980022.9050850364,-0.019977094914963578
2025-02-11,0.0,988056.4495553906,988056.4495553906,-0.011943550444609374
2025-02-12,0.0,994390.4942134101,994390.4942134101,-0.005609505786589919
2025-02-13,0.0,997423.2440045831,997423.2440045831,-0.002576755995416846
2025-02-14,0.0,1000255.2776368094,1000255.2776368094,0.0002552776368094367
2025-02-17,0.0,970824.2359200068,970824.2359200068,-0.029175764079993227
2025-02-18,0.0,932659.7385162128,932659.7385162128,-0.06734026148378724
2025-02-19,0.0,953011.6587026259,953011.6587026259,-0.04698834129737406
2025-02-20,0.0,942558.4342548816,942558.4342548816,-0.057441565745118384
2025-02-21,0.0,973725.5773405842,973725.5773405842,-0.026274422659415708
2025-02-24,0.0,961186.1077357007,961186.1077357007,-0.03881389226429932
2025-02-25,0.0,931860.4774916111,931860.4774916111,-0.06813952250838884
2025-02-26,0.0,939839.30075522,939839.30075522,-0.06016069924477996
2025-02-27,0.0,936286.1494415677,936286.1494415677,-0.06371385055843226
2025-02-28,0.0,886738.9439348095,886738.9439348095,-0.11326105606519044
2025-03-03,0.0,870787.3647352306,870787.3647352306,-0.12921263526476945
2025-03-04,0.0,890340.5344943282,890340.5344943282,-0.10965946550567185
2025-03-05,0.0,897733.6180174254,897733.6180174254,-0.10226638198257454
2025-03-06,0.0,925739.4364404446,925739.4364404446,-0.07426056355955546
2025-03-07,0.0,911890.9304874617,911890.9304874617,-0.08810906951253827
2025-03-10,0.0,914145.3421675672,914145.3421675672,-0.08585465783243273
2025-03-11,0.0,907338.9743242572,907338.9743242572,-0.09266102567574275
2025-03-12,0.0,903608.1337592265,903608.1337592265,-0.09639186624077345
2025-03-13,0.0,876964.2605371138,876964.2605371138,-0.12303573946288626
2025-03-14,0.0,891552.3575695899,891552.3575695899,-0.10844764243041016
2025-03-17,0.0,886953.2170464698,886953.2170464698,-0.11304678295353021
2025-03-18,0.0,890108.6244933223,890108.6244933223,-0.10989137550667771
2025-03-19,0.0,883126.2748413347,883126.2748413347,-0.11687372515866534
2025-03-20,0.0,878111.8113235314,878111.8113235314,-0.12188818867646856
2025-03-21,0.0,858084.3006957454,858084.3006957454,-0.14191569930425463
2025-03-24,0.0,867628.4620272083,867628.4620272083,-0.13237153797279166
2025-03-25,0.0,849760.0802935088,849760.0802935088,-0.1502399197064912
2025-03-26,0.0,850489.3050228554,850489.3050228554,-0.14951069497714464
2025-03-27,0.0,855677.7375285878,855677.7375285878,-0.14432226247141222
2025-03-28,0.0,844432.74388636,844432.74388636,-0.15556725611364008
2025-03-31,0.0,854556.5607593578,854556.5607593578,-0.1454434392406423
2025-04-01,0.0,854728.9334005065,854728.9334005065,-0.14527106659949351
2025-04-02,0.0,852511.3258175044,852511.3258175044,-0.14748867418249556
2025-04-03,0.0,843192.552842248,843192.552842248,-0.15680744715775197
2025-04-07,0.0,753550.3377428453,753550.3377428453,-0.2464496622571547
2025-04-08,0.0,760661.6134941805,760661.6134941805,-0.2393383865058195
2025-04-09,0.0,792293.3172873845,792293.3172873845,-0.2077066827126155
2025-04-10,0.0,808443.4563209692,808443.4563209692,-0.19155654367903086
2025-04-11,0.0,846393.0594202356,846393.0594202356,-0.15360694057976443
2025-04-14,0.0,845540.5743554723,845540.5743554723,-0.15445942564452764
2025-04-15,0.0,835666.8753910753,835666.8753910753,-0.16433312460892469
2025-04-16,0.0,843521.3099815954,843521.3099815954,-0.15647869001840464
2025-04-17,0.0,847769.7580749633,847769.7580749633,-0.15223024192503665
2025-04-18,0.0,839026.0348906777,839026.0348906777,-0.16097396510932238
2025-04-21,0.0,846127.1443132062,846127.1443132062,-0.15387285568679376
2025-04-22,0.0,844658.3931656036,844658.3931656036,-0.15534160683439635
2025-04-23,0.0,843532.218971552,843532.218971552,-0.15646778102844805
2025-04-24,0.0,835122.9738004751,835122.9738004751,-0.16487702619952482
2025-04-25,0.0,832740.7778540496,832740.7778540496,-0.16725922214595046
2025-04-28,0.0,839598.2488800451,839598.2488800451,-0.16040175111995492
2025-04-29,0.0,836999.7939775984,836999.7939775984,-0.16300020602240162
2025-04-30,0.0,819795.7036409216,819795.7036409216,-0.18020429635907842
2025-05-06,0.0,818340.3704975841,818340.3704975841,-0.18165962950241588
2025-05-07,0.0,830429.05840007,830429.05840007,-0.16957094159993003
2025-05-08,0.0,839161.740074253,839161.740074253,-0.16083825992574707
2025-05-09,0.0,849927.5405766427,849927.5405766427,-0.15007245942335723
2025-05-12,0.0,852521.5776420187,852521.5776420187,-0.14747842235798136
2025-05-13,0.0,864793.0241148508,864793.0241148508,-0.13520697588514918
2025-05-14,0.0,872344.535240494,872344.535240494,-0.12765546475950607
2025-05-15,0.0,871005.5116830616,871005.5116830616,-0.12899448831693838
2025-05-16,0.0,863034.1970102786,863034.1970102786,-0.13696580298972139
2025-05-19,0.0,859836.3972242896,859836.3972242896,-0.14016360277571038
2025-05-20,0.0,863034.1970102786,863034.1970102786,-0.13696580298972139
2025-05-21,0.0,868148.9761305327,868148.9761305327,-0.13185102386946734
2025-05-22,0.0,876321.2626536179,876321.2626536179,-0.12367873734638213
2025-05-23,0.0,868647.318991352,868647.318991352,-0.13135268100864805
2025-05-26,5.684341886080802e-14,861455.4792798704,861455.4792798704,-0.13854452072012957
2025-05-27,5.684341886080802e-14,866631.1544047085,866631.1544047085,-0.1333688455952915
2025-05-28,5.684341886080802e-14,865449.7941231972,865449.7941231972,-0.13455020587680278
2025-05-29,5.684341886080802e-14,864631.7430163086,864631.7430163086,-0.13536825698369137
2025-05-30,5.684341886080802e-14,871207.456906374,871207.456906374,-0.1287925430936261
2025-06-03,5.684341886080802e-14,886091.323861102,886091.323861102,-0.11390867613889799
2025-06-04,5.684341886080802e-14,887744.8110397133,887744.8110397133,-0.11225518896028663
2025-06-05,5.684341886080802e-14,881593.5770857185,881593.5770857185,-0.1184064229142815
2025-06-06,5.684341886080802e-14,883094.4607452386,883094.4607452386,-0.11690553925476144
2025-06-09,5.684341886080802e-14,885653.0787398975,885653.0787398975,-0.11434692126010249
2025-06-10,5.684341886080802e-14,889827.4479399779,889827.4479399779,-0.11017255206002219
2025-06-11,5.684341886080802e-14,892566.1979807528,892566.1979807528,-0.10743380201924724
2025-06-12,5.684341886080802e-14,896381.1558008835,896381.1558008835,-0.10361884419911649
2025-06-13,5.684341886080802e-14,889210.0336622556,889210.0336622556,-0.1107899663377444
2025-06-16,5.684341886080802e-14,899938.1107232417,899938.1107232417,-0.1000618892767583
2025-06-17,5.684341886080802e-14,898598.8524617467,898598.8524617467,-0.10140114753825336
2025-06-18,5.684341886080802e-14,907073.105481844,907073.105481844,-0.09292689451815594
2025-06-19,5.684341886080802e-14,905691.6773925768,905691.6773925768,-0.09430832260742317
2025-06-20,5.684341886080802e-14,916404.7119874235,916404.7119874235,-0.08359528801257654
2025-06-23,0.0,928990.6006907081,928990.6006907081,-0.07100939930929184
2025-06-24,0.0,931804.2042384347,931804.2042384347,-0.06819579576156531
2025-06-25,0.0,943064.8345435469,943064.8345435469,-0.05693516545645305
2025-06-26,0.0,950608.5095582908,950608.5095582908,-0.04939149044170921
2025-06-27,0.0,925454.4378577352,925454.4378577352,-0.07454556214226482
2025-06-30,0.0,922194.2212810093,922194.2212810093,-0.07780577871899075
2025-07-01,0.0,935862.1187101621,935862.1187101621,-0.06413788128983788
2025-07-02,0.0,941876.212373349,941876.212373349,-0.05812378762665105
2025-07-03,0.0,942077.0200198411,942077.0200198411,-0.05792297998015883
2025-07-04,0.0,959816.8772227322,959816.8772227322,-0.04018312277726788
2025-07-07,0.0,962132.5647399169,962132.5647399169,-0.03786743526008307
2025-07-08,0.0,960667.2404616828,960667.2404616828,-0.039332759538317164
2025-07-09,0.0,963590.3390310506,963590.3390310506,-0.03640966096894949
2025-07-10,0.0,974934.5217267468,974934.5217267468,-0.025065478273253228
2025-07-11,0.0,963252.7061353516,963252.7061353516,-0.03674729386464848
2025-07-14,0.0,966715.4860851975,966715.4860851975,-0.03328451391480247
2025-07-15,0.0,956702.4787670808,956702.4787670808,-0.04329752123291919
2025-07-16,0.0,952386.4197128442,952386.4197128442,-0.04761358028715579
2025-07-17,0.0,949864.3323351748,949864.3323351748,-0.050135667664825245
2025-07-18,0.0,955671.3440281425,955671.3440281425,-0.044328655971857533
2025-07-21,0.0,956930.8459488123,956930.8459488123,-0.04306915405118772
2025-07-22,0.0,960152.9732885531,960152.9732885531,-0.03984702671144691
2025-07-23,0.0,960219.5122602598,960219.5122602598,-0.03978048773974019
2025-07-24,0.0,968629.1246199103,968629.1246199103,-0.03137087538008976
2025-07-25,0.0,967576.8885533048,967576.8885533048,-0.032423111446695185
2025-07-28,0.0,982123.9553110207,982123.9553110207,-0.017876044688979298
2025-07-29,0.0,999850.3880235304,999850.3880235304,-0.00014961197646967683
2025-07-30,0.0,991367.7630478941,991367.7630478941,-0.00863223695210591
2025-07-31,0.0,980797.9698815272,980797.9698815272,-0.019202030118472768
2025-08-01,0.0,973965.8716939314,973965.8716939314,-0.02603412830606855
2025-08-04,0.0,977246.5503012303,977246.5503012303,-0.02275344969876969
2025-08-05,0.0,986371.079177022,986371.079177022,-0.013628920822978063
2025-08-06,0.0,988024.7448968804,988024.7448968804,-0.011975255103119697
2025-08-07,0.0,971406.4739441841,971406.4739441841,-0.028593526055815888
2025-08-08,0.0,965731.7845983697,965731.7845983697,-0.034268215401630275
2025-08-11,0.0,976350.4717086612,976350.4717086612,-0.023649528291338817
2025-08-12,0.0,975116.659816251,975116.659816251,-0.024883340183748937
2025-08-13,0.0,1005866.7876242659,1005866.7876242659,0.005866787624265957
2025-08-14,0.0,995636.898203623,995636.898203623,-0.004363101796377
2025-08-15,0.0,1011408.9370141072,1011408.9370141072,0.011408937014107279
2025-08-18,0.0,1018416.4600682121,1018416.4600682121,0.01841646006821218
2025-08-19,0.0,1014646.8569480433,1014646.8569480433,0.014646856948043352
2025-08-20,0.0,1028253.4615275307,1028253.4615275307,0.02825346152753072
2025-08-21,0.0,1027027.3746117097,1027027.3746117097,0.027027374611709787
2025-08-22,0.0,1042841.843045879,1042841.843045879,0.04284184304587901
2025-08-25,0.0,1060763.3689295698,1060763.3689295698,0.060763368929569905
2025-08-26,0.0,1058068.4911145815,1058068.4911145815,0.058068491114581455
2025-08-27,0.0,1041707.2934879706,1041707.2934879706,0.04170729348797053
2025-08-28,0.0,1057619.4423046866,1057619.4423046866,0.05761944230468674
2025-08-29,0.0,1061266.184932172,1061266.184932172,0.06126618493217206
2025-09-01,0.0,1103622.354965525,1103622.354965525,0.10362235496552508
2025-09-02,0.0,1040013.701973593,1040013.701973593,0.040013701973592886
2025-09-03,0.0,1054797.4782665384,1054797.4782665384,0.05479747826653836
2025-09-04,0.0,965304.4597882273,965304.4597882273,-0.03469554021177268
2025-09-05,0.0,1029874.6789071668,1029874.6789071668,0.029874678907166885
2025-09-08,0.0,990038.5811684806,990038.5811684806,-0.009961418831519464
2025-09-09,0.0,968695.9393625605,968695.9393625605,-0.03130406063743951
2025-09-10,0.0,1009039.5004650551,1009039.5004650551,0.009039500465055195
2025-09-11,0.0,1109932.420371294,1109932.420371294,0.10993242037129392
2025-09-12,0.0,1087908.3071167434,1087908.3071167434,0.08790830711674347
2025-09-15,0.0,1077653.0666568482,1077653.0666568482,0.07765306665684824
2025-09-16,0.0,1085652.1741911005,1085652.1741911005,0.0856521741911005
2025-09-17,0.0,1095803.411882794,1095803.411882794,0.09580341188279395
2025-09-18,0.0,1101396.0855858985,1101396.0855858985,0.10139608558589841
2025-09-19,0.0,1108379.3494713213,1108379.3494713213,0.10837934947132144
2025-09-22,0.0,1127305.4124203937,1127305.4124203937,0.12730541242039362
2025-09-23,0.0,1134974.7995863634,1134974.7995863634,0.13497479958636327
2025-09-24,0.0,1140738.7644852558,1140738.7644852558,0.1407387644852558
2025-09-25,0.0,1162996.1345354898,1162996.1345354898,0.16299613453548978
2025-09-26,0.0,1125684.8238854492,1125684.8238854492,0.1256848238854491
2025-09-29,0.0,1152090.8367278825,1152090.8367278825,0.1520908367278826
2025-09-30,0.0,1181769.2230393365,1181769.2230393365,0.1817692230393364
2025-10-09,0.0,1187866.0796075517,1187866.0796075517,0.18786607960755175
2025-10-10,0.0,1101495.6239440397,1101495.6239440397,0.10149562394403966
2025-10-13,0.0,1089360.9146474055,1089360.9146474055,0.08936091464740548
2025-10-14,0.0,1045140.1159635691,1045140.1159635691,0.04514011596356915
2025-10-15,0.0,1072223.2397489252,1072223.2397489252,0.0722232397489253
2025-10-16,0.0,1072496.6707833463,1072496.6707833463,0.07249667078334632
2025-10-17,0.0,1026821.9944697543,1026821.9944697543,0.026821994469754307
2025-10-20,0.0,1034810.4806118925,1034810.4806118925,0.034810480611892514
2025-10-21,0.0,1052574.768247392,1052574.768247392,0.052574768247392045
2025-10-22,0.0,1036454.1086564322,1036454.1086564322,0.03645410865643228
2025-10-23,0.0,1049263.309195454,1049263.309195454,0.049263309195453964
2025-10-24,0.0,1076172.2132788154,1076172.2132788154,0.0761722132788154
2025-10-27,0.0,1104508.1978445533,1104508.1978445533,0.10450819784455323
2025-10-28,0.0,1106389.2181967313,1106389.2181967313,0.1063892181967312
2025-10-29,0.0,1131728.810157956,1131728.810157956,0.13172881015795612
2025-10-30,0.0,1110040.2688678824,1110040.2688678824,0.11004026886788254
2025-10-31,0.0,1070679.1578435127,1070679.1578435127,0.07067915784351264
2025-11-03,0.0,1093464.841485526,1093464.841485526,0.09346484148552592
2025-11-04,0.0,1063312.2476326153,1063312.2476326153,0.06331224763261534
2025-11-05,0.0,1048153.3021936383,1048153.3021936383,0.048153302193638226
2025-11-06,0.0,1078882.557333319,1078882.557333319,0.07888255733331895
2025-11-07,0.0,1065094.2900211893,1065094.2900211893,0.06509429002118927
2025-11-10,0.0,1037210.5068757614,1037210.5068757614,0.03721050687576133
2025-11-11,0.0,1034695.4883266322,1034695.4883266322,0.03469548832663216
2025-11-12,0.0,1011298.1162541267,1011298.1162541267,0.011298116254126578
2025-11-13,0.0,1072385.4005067742,1072385.4005067742,0.07238540050677411
2025-11-14,0.0,1044632.270293577,1044632.270293577,0.04463227029357708
2025-11-17,0.0,1053232.7074637024,1053232.7074637024,0.053232707463702456
2025-11-18,0.0,1005497.5630522209,1005497.5630522209,0.005497563052220933
2025-11-19,0.0,1008399.366292963,1008399.366292963,0.008399366292963117
2025-11-20,0.0,989135.169705918,989135.169705918,-0.010864830294082028
2025-11-21,0.0,932187.167497888,932187.167497888,-0.06781283250211201
2025-11-24,0.0,929173.9761798729,929173.9761798729,-0.07082602382012715
2025-11-25,0.0,951396.2424189814,951396.2424189814,-0.04860375758101865
2025-11-26,0.0,957075.5306999976,957075.5306999976,-0.04292446930000249
2025-11-27,0.0,956922.95801236,956922.95801236,-0.04307704198763995
2025-11-28,0.0,970267.2667508953,970267.2667508953,-0.029732733249104748
2025-12-01,0.0,973559.8210728109,973559.8210728109,-0.026440178927189084
2025-12-02,0.0,957979.3797578483,957979.3797578483,-0.042020620242151696
2025-12-03,0.0,945419.5736016417,945419.5736016417,-0.05458042639835836
2025-12-04,0.0,951337.5548337025,951337.5548337025,-0.048662445166297474
2025-12-05,0.0,960274.1999195548,960274.1999195548,-0.03972580008044524
2025-12-08,0.0,995249.2740670427,995249.2740670427,-0.004750725932957223
2025-12-09,0.0,1003468.2248596682,1003468.2248596682,0.0034682248596682452
2025-12-10,0.0,1013840.6763465937,1013840.6763465937,0.013840676346593694
2025-12-11,0.0,983146.989635981,983146.989635981,-0.016853010364018983
2025-12-12,0.0,996207.1387442708,996207.1387442708,-0.0037928612557291963
2025-12-15,0.0,979836.189468094,979836.189468094,-0.020163810531905968
2025-12-16,0.0,954198.083977842,954198.083977842,-0.045801916022157996
2025-12-17,0.0,997395.661786675,997395.661786675,-0.0026043382133250637
2025-12-18,0.0,985725.7071112044,985725.7071112044,-0.014274292888795559
2025-12-19,0.0,998474.2548151581,998474.2548151581,-0.0015257451848419423
2025-12-22,0.0,1033315.895151571,1033315.895151571,0.03331589515157107
2025-12-23,0.0,1029189.3257198749,1029189.3257198749,0.02918932571987498
2025-12-24,0.0,1043236.7188788261,1043236.7188788261,0.043236718878826075
2025-12-25,0.0,1044634.8125908038,1044634.8125908038,0.04463481259080382
2025-12-26,0.0,1053757.9579442271,1053757.9579442271,0.05375795794422711
2025-12-29,0.0,1048828.8635239117,1048828.8635239117,0.04882886352391158
2025-12-30,0.0,1057372.4352331478,1057372.4352331478,0.05737243523314772
2025-12-31,0.0,1056888.6422664626,1056888.6422664626,0.05688864226646251
2026-01-05,0.0,1082724.4890443238,1082724.4890443238,0.08272448904432372
2026-01-06,0.0,1083460.176663333,1083460.176663333,0.08346017666333316
2026-01-07,0.0,1091995.7424350102,1091995.7424350102,0.09199574243501019
2026-01-08,0.0,1085623.2236085369,1085623.2236085369,0.0856232236085368
2026-01-09,0.0,1103417.521228126,1103417.521228126,0.10341752122812609
2026-01-12,0.0,1168216.983955691,1168216.983955691,0.16821698395569107
2026-01-13,0.0,1117120.577966323,1117120.577966323,0.11712057796632291
2026-01-14,0.0,1142630.0472759989,1142630.0472759989,0.14263004727599893
2026-01-15,0.0,1133050.7507219487,1133050.7507219487,0.13305075072194872
2026-01-16,0.0,1126058.5630757115,1126058.5630757115,0.1260585630757114
2026-01-19,0.0,1104171.754555602,1104171.754555602,0.10417175455560201
2026-01-20,0.0,1097638.0367270114,1097638.0367270114,0.09763803672701155
2026-01-21,0.0,1123937.2830412674,1123937.2830412674,0.1239372830412675
2026-01-22,0.0,1118677.0144959777,1118677.0144959777,0.11867701449597767
2026-01-23,0.0,1152080.8361830995,1152080.8361830995,0.15208083618309964
2026-01-26,0.0,1188522.8899166358,1188522.8899166358,0.1885228899166358
2026-01-27,0.0,1188236.676487496,1188236.676487496,0.18823667648749587
2026-01-28,0.0,1247564.5420442014,1247564.5420442014,0.24756454204420142
2026-01-29,0.0,1252030.7366996498,1252030.7366996498,0.2520307366996499
2026-01-30,0.0,1162925.373712537,1162925.373712537,0.16292537371253712
2026-02-02,5.820766091346741e-11,1077023.5357650064,1077023.5357650064,0.07702353576500642
2026-02-03,5.820766091346741e-11,1152813.6507676078,1152813.6507676078,0.1528136507676079
2026-02-04,5.820766091346741e-11,1152824.7267406115,1152824.7267406115,0.15282472674061154
2026-02-05,5.820766091346741e-11,1093134.6446506185,1093134.6446506185,0.09313464465061849
2026-02-06,5.820766091346741e-11,1094271.993707845,1094271.993707845,0.09427199370784489
2026-02-09,5.820766091346741e-11,1125649.8891085607,1125649.8891085607,0.12564988910856068
2026-02-10,5.820766091346741e-11,1121180.5176722435,1121180.5176722435,0.12118051767224358
2026-02-11,5.820766091346741e-11,1136029.9158310865,1136029.9158310865,0.13602991583108648
2026-02-12,5.820766091346741e-11,1154239.9112182623,1154239.9112182623,0.1542399112182622
2026-02-13,5.820766091346741e-11,1133786.5812369022,1133786.5812369022,0.13378658123690212
2026-02-24,0.0,1201837.995081291,1201837.995081291,0.20183799508129097
2026-02-25,0.0,1215704.638659273,1215704.638659273,0.21570463865927314
2026-02-26,0.0,1280158.0608456836,1280158.0608456836,0.2801580608456835
2026-02-27,0.0,1272306.9617958982,1272306.9617958982,0.2723069617958982
2026-03-02,0.0,1271723.168141305,1271723.168141305,0.27172316814130504
2026-03-03,0.0,1202733.322086186,1202733.322086186,0.202733322086186
2026-03-04,0.0,1227886.6141735038,1227886.6141735038,0.22788661417350387
2026-03-05,0.0,1294919.6327910249,1294919.6327910249,0.29491963279102484
2026-03-06,0.0,1300629.2935894148,1300629.2935894148,0.3006292935894148
2026-03-09,0.0,1293792.1290008964,1293792.1290008964,0.29379212900089646
2026-03-10,0.0,1315129.120946343,1315129.120946343,0.31512912094634316
2026-03-11,0.0,1302079.8131200045,1302079.8131200045,0.3020798131200044
2026-03-12,0.0,1285974.9931373436,1285974.9931373436,0.28597499313734365
2026-03-13,0.0,1261735.7242382397,1261735.7242382397,0.26173572423823965
2026-03-16,0.0,1253267.2228861484,1253267.2228861484,0.25326722288614834
2026-03-17,0.0,1214073.6212647764,1214073.6212647764,0.21407362126477647
2026-03-18,0.0,1245110.7450550154,1245110.7450550154,0.2451107450550154
2026-03-19,0.0,1212113.9885343404,1212113.9885343404,0.21211398853434038
2026-03-20,0.0,1190206.591128284,1190206.591128284,0.1902065911282842
2026-03-23,0.0,1139037.413856652,1139037.413856652,0.13903741385665214
2026-03-24,0.0,1171422.5543906882,1171422.5543906882,0.1714225543906882
2026-03-25,0.0,1204304.162381849,1204304.162381849,0.20430416238184912
2026-03-26,0.0,1170770.745114734,1170770.745114734,0.170770745114734
2026-03-27,0.0,1177144.0053655328,1177144.0053655328,0.17714400536553288
2026-03-30,0.0,1172996.0452330378,1172996.0452330378,0.1729960452330377
2026-03-31,0.0,1134283.9638985132,1134283.9638985132,0.13428396389851316
2026-04-01,0.0,1158468.2593042068,1158468.2593042068,0.15846825930420683
2026-04-02,0.0,1128217.0075094604,1128217.0075094604,0.1282170075094604
2026-04-03,0.0,1120511.3724383472,1120511.3724383472,0.12051137243834731
2026-04-07,0.0,1119245.969853828,1119245.969853828,0.11924596985382796
2026-04-08,0.0,1193093.4880558646,1193093.4880558646,0.19309348805586457
2026-04-09,0.0,1196944.9861960376,1196944.9861960376,0.1969449861960375
2026-04-10,0.0,1212545.3018854188,1212545.3018854188,0.21254530188541887
2026-04-13,0.0,1203934.8130333498,1203934.8130333498,0.20393481303334982
2026-04-14,0.0,1221911.515587549,1221911.515587549,0.22191151558754907
2026-04-15,0.0,1217037.032753674,1217037.032753674,0.21703703275367414
2026-04-16,0.0,1248986.9585182073,1248986.9585182073,0.2489869585182074
2026-04-17,0.0,1290574.1482142054,1290574.1482142054,0.29057414821420546
2026-04-20,0.0,1308302.3788390355,1308302.3788390355,0.30830237883903555
2026-04-21,0.0,1307939.2727843754,1307939.2727843754,0.3079392727843753
2026-04-22,0.0,1374408.5430504004,1374408.5430504004,0.3744085430504005
2026-04-23,0.0,1356611.8357225563,1356611.8357225563,0.3566118357225563
2026-04-24,0.0,1303290.1293782562,1303290.1293782562,0.30329012937825617
2026-04-27,0.0,1318271.2460352038,1318271.2460352038,0.31827124603520374
2026-04-28,0.0,1290259.2865137837,1290259.2865137837,0.29025928651378363
2026-04-29,0.0,1294803.397620631,1294803.397620631,0.294803397620631
2026-04-30,0.0,1294881.5485606703,1294881.5485606703,0.2948815485606704
2026-05-06,1.8189894035458565e-12,1323755.1643626178,1323755.1643626178,0.32375516436261775
2026-05-07,1.8189894035458565e-12,1380491.8136366745,1380491.8136366745,0.3804918136366746
2026-05-08,1.8189894035458565e-12,1396922.346932823,1396922.346932823,0.39692234693282313
2026-05-11,1.8189894035458565e-12,1445012.4996350335,1445012.4996350335,0.44501249963503353
2026-05-12,1.8189894035458565e-12,1461977.367416175,1461977.367416175,0.4619773674161751
2026-05-13,1.8189894035458565e-12,1515572.243467854,1515572.243467854,0.515572243467854
2026-05-14,1.8189894035458565e-12,1496565.045013108,1496565.045013108,0.49656504501310805
2026-05-15,1.8189894035458565e-12,1458668.7353665784,1458668.7353665784,0.4586687353665784
2026-05-18,0.0,1432838.453389682,1432838.453389682,0.4328384533896821
2026-05-19,0.0,1399366.871941135,1399366.871941135,0.39936687194113496
2026-05-20,0.0,1408659.067093993,1408659.067093993,0.40865906709399313
2026-05-21,0.0,1378501.7784911774,1378501.7784911774,0.3785017784911773
2026-05-22,0.0,1425489.8451110169,1425489.8451110169,0.42548984511101695
2026-05-25,0.0,1490082.9244051082,1490082.9244051082,0.49008292440510814
2026-05-26,0.0,1488795.5092341346,1488795.5092341346,0.4887955092341345
2026-05-27,0.0,1510097.3257556742,1510097.3257556742,0.5100973257556742
2026-05-28,0.0,1524364.006580821,1524364.006580821,0.524364006580821
2026-05-29,0.0,1494236.172925514,1494236.172925514,0.49423617292551403
2026-06-01,0.0,1448298.4759878553,1448298.4759878553,0.44829847598785544
2026-06-02,0.0,1534582.658642237,1534582.658642237,0.5345826586422371
2026-06-03,0.0,1601381.8195584086,1601381.8195584086,0.6013818195584086
2026-06-04,0.0,1607376.7226228078,1607376.7226228078,0.6073767226228077
2026-06-05,0.0,1553467.0699020089,1553467.0699020089,0.5534670699020088
2026-06-08,0.0,1496116.7645958145,1496116.7645958145,0.49611676459581444
2026-06-09,0.0,1581530.1900130196,1581530.1900130196,0.5815301900130196
2026-06-10,0.0,1521034.699490227,1521034.699490227,0.5210346994902271
2026-06-11,0.0,1498721.6398163096,1498721.6398163096,0.49872163981630946
2026-06-12,0.0,1485785.1310987843,1485785.1310987843,0.4857851310987842
2026-06-15,5.820766091346741e-11,1571943.1045219533,1571943.1045219533,0.5719431045219532
2026-06-16,5.820766091346741e-11,1593085.82112988,1593085.82112988,0.59308582112988
2026-06-17,5.820766091346741e-11,1692340.7790260117,1692340.7790260117,0.6923407790260117
2026-06-18,5.820766091346741e-11,1730506.2792239084,1730506.2792239084,0.7305062792239085
2026-06-22,5.820766091346741e-11,1777271.1709505727,1777271.1709505727,0.7772711709505726
2026-06-23,5.820766091346741e-11,1759887.3059107738,1759887.3059107738,0.7598873059107738
2026-06-24,5.820766091346741e-11,1834655.9182330412,1834655.9182330412,0.8346559182330411
2026-06-25,5.820766091346741e-11,1889431.6374616332,1889431.6374616332,0.8894316374616331
2026-06-26,5.820766091346741e-11,1891609.0726258403,1891609.0726258403,0.8916090726258403
2026-06-29,0.0,2059804.625261976,2059804.625261976,1.0598046252619757
2026-06-30,0.0,2046254.4749550333,2046254.4749550333,1.0462544749550333
